Id,Generation time,Nr of test steps
1,7668.998046875,31
2,6700.05712890625,14
